CLONAZEPAM 0.5 MG,SAVANT PHARM S.A.,BLISTER por 50 UNIDADES,"$9,00"
CLONAZEPAM 2 MG,SAVANT PHARM S.A.,BLISTER por 50 UNIDADES,"$11,40"
CLONAZEPAM 0.25 MG,GADOR S A,BLISTER por 10 UNIDADES,"$18,37"
CLONAZEPAM 0.5 MG,LABORATORIO PRETORIA SRL,BLISTER por 30 UNIDADES,"$58,90"
CLONAZEPAM 2 MG,LABORATORIO PRETORIA SRL,BLISTER por 30 UNIDADES,"$58,90"
CLONAZEPAM 0.5 MG,DENVER FARMA S A,BLISTER por 30 UNIDADES,"$129,51"
CLONAZEPAM 2 MG,DENVER FARMA S A,BLISTER por 30 UNIDADES,"$134,48"
CLONAZEPAM 0.5 MG,LABORATORIOS BAGO S A,BLISTER por 10 UNIDADES,"$289,19"
CLONAZEPAM 2 MG/COMPRIMIDO,LABORATORIOS BAGO S A,BLISTER por 10 UNIDADES,"$324,53"
CLONAZEPAM 0.25 MG,BALIARDA SOCIEDAD ANONIMA,BLISTER por 15 UNIDADES,"$363,65"
CLONAZEPAM 0.5 MG,Soubeiran Chobet S.R.L.,ENVASE por 10 UNIDADES,"$369,05"
CLONAZEPAM 2 MG,LABORATORIO VANNIER S.A.,BLISTER por 500 UNIDADES,"$379,00"
CLONAZEPAM 0.25 MG,FINADIET S.A.COM IND FIN E INMOB,BLISTER por 30 UNIDADES,(uso exclusivamente hospitalario)
CLONAZEPAM 0.5 MG,LABORATORIO VANNIER S.A.,BLISTER por 1000 UNIDADES,"$424,19"
CLONAZEPAM 2 MG,Soubeiran Chobet S.R.L.,ENVASE por 10 UNIDADES,"$450,00"
CLONAZEPAM 0.25 MG,GADOR S A,BLISTER por 30 UNIDADES,(uso exclusivamente hospitalario)
CLONAZEPAM 0.5 MG,LABORATORIO VANNIER S.A.,BLISTER por 30 UNIDADES,"$464,70"
CLONAZEPAM 0.25 MG,LABORATORIOS CASASCO S A I C,BLISTER por 30 UNIDADES,"$563,21"
CLONAZEPAM 0.5 MG,FINADIET S.A.COM IND FIN E INMOB,BLISTER por 30 UNIDADES,"$574,96"
CLONAZEPAM 0.5 MG,LABORATORIOS DUNCAN SA,BLISTER por 30 UNIDADES,"$600,34"
CLONAZEPAM 2 MG,LABORATORIOS DUNCAN SA,BLISTER por 30 UNIDADES,"$632,81"
CLONAZEPAM 0.25 MG,BALIARDA SOCIEDAD ANONIMA,BLISTER por 30 UNIDADES,"$635,22"
CLONAZEPAM 0.5 MG,ROSPAW S.R.L.,BLISTER por 30 UNIDADES,"$636,48"
CLONAZEPAM 1 MG,ROSPAW S.R.L.,BLISTER por 30 UNIDADES,"$658,28"
CLONAZEPAM 0.25 G %,LABORATORIO VANNIER S.A.,1 FRASCO por 20 ML,"$660,57"
CLONAZEPAM 0.25 MG,LABORATORIOS BETA SOCIEDAD ANONIMA,BLISTER por 30 UNIDADES,"$666,74"
CLONAZEPAM 0.25 MG/COMPRIMIDO,LABORATORIOS BAGO S A,BLISTER por 50 UNIDADES,"$668,49"
CLONAZEPAM 0.25 MG,LABORATORIOS CASASCO S A I C,BLISTER por 60 UNIDADES,"$692,97"
CLONAZEPAM 2 MG,LABORATORIO VANNIER S.A.,BLISTER por 30 UNIDADES,"$693,76"
CLONAZEPAM 0.5 MG,LABORATORIOS BETA SOCIEDAD ANONIMA,BLISTER por 30 UNIDADES,"$706,91"
CLONAZEPAM 1 MG,LABORATORIOS BETA SOCIEDAD ANONIMA,BLISTER por 30 UNIDADES,"$708,35"
CLONAZEPAM 2 MG,ROSPAW S.R.L.,BLISTER por 30 UNIDADES,"$711,86"
CLONAZEPAM 2 MG,LABORATORIOS BETA SOCIEDAD ANONIMA,BLISTER por 30 UNIDADES,"$737,35"
CLONAZEPAM 0.5 MG,Soubeiran Chobet S.R.L.,ENVASE por 30 UNIDADES,"$744,23"
CLONAZEPAM 2 MG,FINADIET S.A.COM IND FIN E INMOB,BLISTER por 30 UNIDADES,"$766,97"
CLONAZEPAM 0.25 MG,BALIARDA SOCIEDAD ANONIMA,BLISTER por 60 UNIDADES,"$774,79"
CLONAZEPAM 0.5 MG,PHARMADORF S.A.,BLISTER por 30 UNIDADES,"$788,94"
CLONAZEPAM 0.5 MG,FINADIET S.A.COM IND FIN E INMOB,BLISTER por 50 UNIDADES,"$820,51"
CLONAZEPAM 2 MG,Soubeiran Chobet S.R.L.,ENVASE por 30 UNIDADES,"$846,85"
CLONAZEPAM 2 MG,PHARMADORF S.A.,BLISTER por 30 UNIDADES,"$877,33"
CLONAZEPAM 0.5 MG,LABORATORIOS BETA SOCIEDAD ANONIMA,BLISTER por 50 UNIDADES,"$897,80"
CLONAZEPAM 1 MG,LABORATORIOS BETA SOCIEDAD ANONIMA,BLISTER por 50 UNIDADES,"$897,80"
CLONAZEPAM 0.5 MG,LABORATORIOS MONSERRAT Y ECLAIR S.A.,BLISTER por 30 UNIDADES,"$898,00"
CLONAZEPAM 0.5 MG,MEDIPHARMA SOCIEDAD ANONIMA,BLISTER por 30 UNIDADES,"$910,78"
CLONAZEPAM 1 MG,GADOR S A,BLISTER por 30 UNIDADES,"$920,41"
CLONAZEPAM 0.5 MG,GADOR S A,BLISTER por 30 UNIDADES,"$921,06"
CLONAZEPAM 2 MG,LABORATORIOS BETA SOCIEDAD ANONIMA,BLISTER por 50 UNIDADES,"$936,46"
CLONAZEPAM 0.5 MG,LABORATORIOS CASASCO S A I C,BLISTER por 30 UNIDADES,"$959,38"
CLONAZEPAM 1 MG,LABORATORIOS CASASCO S A I C,BLISTER por 30 UNIDADES,"$963,29"
CLONAZEPAM 2 MG,ROSPAW S.R.L.,BLISTER por 60 UNIDADES,"$982,10"
CLONAZEPAM 2 MG,MEDIPHARMA SOCIEDAD ANONIMA,3 BLISTER por 10 UNIDADES,"$994,59"
CLONAZEPAM 2 MG,LABORATORIOS MONSERRAT Y ECLAIR S.A.,BLISTER por 30 UNIDADES,"$998,00"
CLONAZEPAM 250 MG / 100 ML,LABORATORIOS BAGO S A,1 FRASCO GOTERO por 20 ML,"$1.004,26"
CLONAZEPAM 0.5 MG,ROSPAW S.R.L.,BLISTER por 60 UNIDADES,"$1.013,85"
CLONAZEPAM 2.5 MG / ML,LABORATORIOS CASASCO S A I C,1 FRASCO GOTERO por 20 ML,"$1.014,86"
CLONAZEPAM 0.5 MG,LABORATORIO VANNIER S.A.,BLISTER por 50 UNIDADES,"$1.015,24"
CLONAZEPAM 1 MG,ROSPAW S.R.L.,BLISTER por 60 UNIDADES,"$1.016,37"
CLONAZEPAM 2 MG,GADOR S A,BLISTER por 30 UNIDADES,"$1.026,15"
CLONAZEPAM 2 MG,LABORATORIO VANNIER S.A.,BLISTER por 50 UNIDADES,"$1.027,96"
CLONAZEPAM 0.5 MG,BALIARDA SOCIEDAD ANONIMA,BLISTER por 30 UNIDADES,"$1.034,20"
CLONAZEPAM 0.5 MG,Soubeiran Chobet S.R.L.,ENVASE por 50 UNIDADES,"$1.034,96"
CLONAZEPAM 1 MG,BALIARDA SOCIEDAD ANONIMA,BLISTER por 30 UNIDADES,"$1.038,27"
CLONAZEPAM 0.5 MG,DENVER FARMA S A,BLISTER por 60 UNIDADES,"$1.060,47"
CLONAZEPAM 0.5 MG,LABORATORIOS BAGO S A,BLISTER por 30 UNIDADES,"$1.062,33"
CLONAZEPAM 2 MG,DENVER FARMA S A,BLISTER por 60 UNIDADES,"$1.064,22"
CLONAZEPAM 2 MG,LABORATORIOS CASASCO S A I C,BLISTER por 30 UNIDADES,"$1.069,75"
CLONAZEPAM 2.5 MG/ML,BALIARDA SOCIEDAD ANONIMA,1 FRASCO por 20 ML,"$1.072,95"
CLONAZEPAM 2 MG,FINADIET S.A.COM IND FIN E INMOB,BLISTER por 50 UNIDADES,"$1.099,80"
CLONAZEPAM 2 MG,Soubeiran Chobet S.R.L.,ENVASE por 50 UNIDADES,"$1.127,80"
CLONAZEPAM 2 MG,BALIARDA SOCIEDAD ANONIMA,BLISTER por 30 UNIDADES,"$1.157,25"
CLONAZEPAM 2 MG/COMPRIMIDO,LABORATORIOS BAGO S A,BLISTER por 30 UNIDADES,"$1.191,29"
CLONAZEPAM 0.5 MG,LABORATORIOS MONSERRAT Y ECLAIR S.A.,BLISTER por 50 UNIDADES,"$1.198,00"
CLONAZEPAM 0.5 MG,GADOR S A,BLISTER por 50 UNIDADES,"$1.222,76"
CLONAZEPAM 0.5 MG,PHARMADORF S.A.,BLISTER por 60 UNIDADES,"$1.239,00"
CLONAZEPAM 2 MG,Soubeiran Chobet S.R.L.,ENVASE por 60 UNIDADES,"$1.247,12"
CLONAZEPAM 1 MG,GADOR S A,BLISTER por 50 UNIDADES,"$1.263,19"
CLONAZEPAM 2 MG,PHARMADORF S.A.,BLISTER por 60 UNIDADES,"$1.290,06"
CLONAZEPAM 2 MG,LABORATORIOS MONSERRAT Y ECLAIR S.A.,BLISTER por 50 UNIDADES,"$1.315,00"
CLONAZEPAM 2 MG,GADOR S A,BLISTER por 50 UNIDADES,"$1.349,77"
CLONAZEPAM 0.5 MG,BALIARDA SOCIEDAD ANONIMA,BLISTER por 50 UNIDADES,"$1.373,04"
CLONAZEPAM 2 MG/COMPRIMIDO,LABORATORIOS BAGO S A,BLISTER por 30 UNIDADES,"$1.191,29"
CLONAZEPAM 0.5 MG,LABORATORIOS MONSERRAT Y ECLAIR S.A.,BLISTER por 50 UNIDADES,"$1.198,00"
CLONAZEPAM 0.5 MG,GADOR S A,BLISTER por 50 UNIDADES,"$1.222,76"
CLONAZEPAM 0.5 MG,PHARMADORF S.A.,BLISTER por 60 UNIDADES,"$1.239,00"
CLONAZEPAM 2 MG,Soubeiran Chobet S.R.L.,ENVASE por 60 UNIDADES,"$1.247,12"
CLONAZEPAM 1 MG,GADOR S A,BLISTER por 50 UNIDADES,"$1.263,19"
CLONAZEPAM 2 MG,PHARMADORF S.A.,BLISTER por 60 UNIDADES,"$1.290,06"
CLONAZEPAM 2 MG,LABORATORIOS MONSERRAT Y ECLAIR S.A.,BLISTER por 50 UNIDADES,"$1.315,00"
CLONAZEPAM 2 MG,GADOR S A,BLISTER por 50 UNIDADES,"$1.349,77"
CLONAZEPAM 0.5 MG,BALIARDA SOCIEDAD ANONIMA,BLISTER por 50 UNIDADES,"$1.373,04"
CLONAZEPAM 0.5 MG,MEDIPHARMA SOCIEDAD ANONIMA,6 BLISTER por 10 UNIDADES,"$1.385,70"
CLONAZEPAM 1 MG,GADOR S A,BLISTER por 60 UNIDADES,"$1.429,09"
CLONAZEPAM 0.5 MG,GADOR S A,BLISTER por 60 UNIDADES,"$1.437,87"
CLONAZEPAM 2 MG,GADOR S A,BLISTER por 60 UNIDADES,"$1.443,39"
CLONAZEPAM 1 MG/COMPRIMIDO,LABORATORIOS BAGO S A,BLISTER por 50 UNIDADES,"$1.458,43"
CLONAZEPAM 0.5 MG,LABORATORIOS BAGO S A,BLISTER por 50 UNIDADES,"$1.461,76"
CLONAZEPAM 2 MG,MEDIPHARMA SOCIEDAD ANONIMA,6 BLISTER por 10 UNIDADES,"$1.478,91"
CLONAZEPAM 2 MG,BALIARDA SOCIEDAD ANONIMA,BLISTER por 50 UNIDADES,"$1.498,24"
CLONAZEPAM 0.5 MG,LABORATORIOS CASASCO S A I C,BLISTER por 60 UNIDADES,"$1.498,34"
CLONAZEPAM 1 MG,LABORATORIOS CASASCO S A I C,BLISTER por 60 UNIDADES,"$1.502,45"
CLONAZEPAM 2 MG,LABORATORIOS CASASCO S A I C,BLISTER por 60 UNIDADES,"$1.521,68"
CLONAZEPAM 0.5 MG,BALIARDA SOCIEDAD ANONIMA,BLISTER por 60 UNIDADES,"$1.598,11"
CLONAZEPAM 1 MG,BALIARDA SOCIEDAD ANONIMA,BLISTER por 60 UNIDADES,"$1.614,85"
CLONAZEPAM 2 MG,BALIARDA SOCIEDAD ANONIMA,BLISTER por 60 UNIDADES,"$1.618,95"
CLONAZEPAM 0.5 MG,LABORATORIOS BAGO S A,BLISTER por 60 UNIDADES,"$1.691,13"
CLONAZEPAM 2 MG/COMPRIMIDO,LABORATORIOS BAGO S A,BLISTER por 50 UNIDADES,"$1.705,10"
CLONAZEPAM 1 MG/COMPRIMIDO,LABORATORIOS BAGO S A,BLISTER por 60 UNIDADES,"$1.709,36"
CLONAZEPAM 2 MG/COMPRIMIDO,LABORATORIOS BAGO S A,BLISTER por 60 UNIDADES,"$1.773,84"
CLONAZEPAM 0.5 MG/COMPRIMIDO,LABORATORIOS BAGO S A,BLISTER por 50 UNIDADES,"$2.014,61"
CLONAZEPAM 0.25 G %,LABORATORIO VANNIER S.A.,100 FRASCO por 20 ML,"$2.900,00"
CLONAZEPAM 0.5 MG,SAVANT PHARM S.A.,BLISTER por 50 UNIDADES,"$9,00"
CLONAZEPAM 2 MG,SAVANT PHARM S.A.,BLISTER por 50 UNIDADES,"$11,40"
CLONAZEPAM 0.25 MG,GADOR S A,BLISTER por 10 UNIDADES,"$18,37"
CLONAZEPAM 0.5 MG,LABORATORIO PRETORIA SRL,BLISTER por 30 UNIDADES,"$58,90"
CLONAZEPAM 2 MG,LABORATORIO PRETORIA SRL,BLISTER por 30 UNIDADES,"$58,90"
CLONAZEPAM 0.5 MG,DENVER FARMA S A,BLISTER por 30 UNIDADES,"$129,51"
CLONAZEPAM 2 MG,DENVER FARMA S A,BLISTER por 30 UNIDADES,"$134,48"
CLONAZEPAM 0.5 MG,LABORATORIOS BAGO S A,BLISTER por 10 UNIDADES,"$289,19"
CLONAZEPAM 2 MG/COMPRIMIDO,LABORATORIOS BAGO S A,BLISTER por 10 UNIDADES,"$324,53"
CLONAZEPAM 0.25 MG,BALIARDA SOCIEDAD ANONIMA,BLISTER por 15 UNIDADES,"$363,65"
CLONAZEPAM 0.5 MG,Soubeiran Chobet S.R.L.,ENVASE por 10 UNIDADES,"$369,05"
CLONAZEPAM 2 MG,LABORATORIO VANNIER S.A.,BLISTER por 500 UNIDADES,"$379,00"
CLONAZEPAM 0.25 MG,FINADIET S.A.COM IND FIN E INMOB,BLISTER por 30 UNIDADES,(uso exclusivamente hospitalario)
CLONAZEPAM 0.5 MG,LABORATORIO VANNIER S.A.,BLISTER por 1000 UNIDADES,"$424,19"
CLONAZEPAM 2 MG,Soubeiran Chobet S.R.L.,ENVASE por 10 UNIDADES,"$450,00"
CLONAZEPAM 0.25 MG,GADOR S A,BLISTER por 30 UNIDADES,(uso exclusivamente hospitalario)
CLONAZEPAM 0.5 MG,LABORATORIO VANNIER S.A.,BLISTER por 30 UNIDADES,"$464,70"
CLONAZEPAM 0.25 MG,LABORATORIOS CASASCO S A I C,BLISTER por 30 UNIDADES,"$563,21"
CLONAZEPAM 0.5 MG,FINADIET S.A.COM IND FIN E INMOB,BLISTER por 30 UNIDADES,"$574,96"
CLONAZEPAM 0.5 MG,LABORATORIOS DUNCAN SA,BLISTER por 30 UNIDADES,"$600,34"
CLONAZEPAM 2 MG,LABORATORIOS DUNCAN SA,BLISTER por 30 UNIDADES,"$632,81"
CLONAZEPAM 0.25 MG,BALIARDA SOCIEDAD ANONIMA,BLISTER por 30 UNIDADES,"$635,22"
CLONAZEPAM 0.5 MG,ROSPAW S.R.L.,BLISTER por 30 UNIDADES,"$636,48"
CLONAZEPAM 1 MG,ROSPAW S.R.L.,BLISTER por 30 UNIDADES,"$658,28"
CLONAZEPAM 0.25 G %,LABORATORIO VANNIER S.A.,1 FRASCO por 20 ML,"$660,57"
CLONAZEPAM 0.25 MG,LABORATORIOS BETA SOCIEDAD ANONIMA,BLISTER por 30 UNIDADES,"$666,74"
CLONAZEPAM 0.25 MG/COMPRIMIDO,LABORATORIOS BAGO S A,BLISTER por 50 UNIDADES,"$668,49"
CLONAZEPAM 0.25 MG,LABORATORIOS CASASCO S A I C,BLISTER por 60 UNIDADES,"$692,97"
CLONAZEPAM 2 MG,LABORATORIO VANNIER S.A.,BLISTER por 30 UNIDADES,"$693,76"
CLONAZEPAM 0.5 MG,LABORATORIOS BETA SOCIEDAD ANONIMA,BLISTER por 30 UNIDADES,"$706,91"
CLONAZEPAM 1 MG,LABORATORIOS BETA SOCIEDAD ANONIMA,BLISTER por 30 UNIDADES,"$708,35"
CLONAZEPAM 2 MG,ROSPAW S.R.L.,BLISTER por 30 UNIDADES,"$711,86"
CLONAZEPAM 2 MG,LABORATORIOS BETA SOCIEDAD ANONIMA,BLISTER por 30 UNIDADES,"$737,35"
CLONAZEPAM 0.5 MG,Soubeiran Chobet S.R.L.,ENVASE por 30 UNIDADES,"$744,23"
CLONAZEPAM 2 MG,FINADIET S.A.COM IND FIN E INMOB,BLISTER por 30 UNIDADES,"$766,97"
CLONAZEPAM 0.25 MG,BALIARDA SOCIEDAD ANONIMA,BLISTER por 60 UNIDADES,"$774,79"
CLONAZEPAM 0.5 MG,PHARMADORF S.A.,BLISTER por 30 UNIDADES,"$788,94"
CLONAZEPAM 0.5 MG,FINADIET S.A.COM IND FIN E INMOB,BLISTER por 50 UNIDADES,"$820,51"
CLONAZEPAM 2 MG,Soubeiran Chobet S.R.L.,ENVASE por 30 UNIDADES,"$846,85"
CLONAZEPAM 2 MG,PHARMADORF S.A.,BLISTER por 30 UNIDADES,"$877,33"
CLONAZEPAM 0.5 MG,SAVANT PHARM S.A.,BLISTER por 50 UNIDADES,"$9,00"
CLONAZEPAM 2 MG,SAVANT PHARM S.A.,BLISTER por 50 UNIDADES,"$11,40"
CLONAZEPAM 0.25 MG,GADOR S A,BLISTER por 10 UNIDADES,"$18,37"
CLONAZEPAM 0.5 MG,LABORATORIO PRETORIA SRL,BLISTER por 30 UNIDADES,"$58,90"
CLONAZEPAM 2 MG,LABORATORIO PRETORIA SRL,BLISTER por 30 UNIDADES,"$58,90"
CLONAZEPAM 0.5 MG,DENVER FARMA S A,BLISTER por 30 UNIDADES,"$129,51"
CLONAZEPAM 2 MG,DENVER FARMA S A,BLISTER por 30 UNIDADES,"$134,48"
CLONAZEPAM 0.5 MG,LABORATORIOS BAGO S A,BLISTER por 10 UNIDADES,"$289,19"
CLONAZEPAM 2 MG/COMPRIMIDO,LABORATORIOS BAGO S A,BLISTER por 10 UNIDADES,"$324,53"
CLONAZEPAM 0.25 MG,BALIARDA SOCIEDAD ANONIMA,BLISTER por 15 UNIDADES,"$363,65"
CLONAZEPAM 0.5 MG,Soubeiran Chobet S.R.L.,ENVASE por 10 UNIDADES,"$369,05"
CLONAZEPAM 2 MG,LABORATORIO VANNIER S.A.,BLISTER por 500 UNIDADES,"$379,00"
CLONAZEPAM 0.25 MG,FINADIET S.A.COM IND FIN E INMOB,BLISTER por 30 UNIDADES,(uso exclusivamente hospitalario)
CLONAZEPAM 0.5 MG,LABORATORIO VANNIER S.A.,BLISTER por 1000 UNIDADES,"$424,19"
CLONAZEPAM 2 MG,Soubeiran Chobet S.R.L.,ENVASE por 10 UNIDADES,"$450,00"
CLONAZEPAM 0.25 MG,GADOR S A,BLISTER por 30 UNIDADES,(uso exclusivamente hospitalario)
CLONAZEPAM 0.5 MG,LABORATORIO VANNIER S.A.,BLISTER por 30 UNIDADES,"$464,70"
CLONAZEPAM 0.25 MG,LABORATORIOS CASASCO S A I C,BLISTER por 30 UNIDADES,"$563,21"
CLONAZEPAM 0.5 MG,FINADIET S.A.COM IND FIN E INMOB,BLISTER por 30 UNIDADES,"$574,96"
CLONAZEPAM 0.5 MG,LABORATORIOS DUNCAN SA,BLISTER por 30 UNIDADES,"$600,34"
CLONAZEPAM 2 MG,LABORATORIOS DUNCAN SA,BLISTER por 30 UNIDADES,"$632,81"
CLONAZEPAM 0.25 MG,BALIARDA SOCIEDAD ANONIMA,BLISTER por 30 UNIDADES,"$635,22"
CLONAZEPAM 0.5 MG,ROSPAW S.R.L.,BLISTER por 30 UNIDADES,"$636,48"
CLONAZEPAM 1 MG,ROSPAW S.R.L.,BLISTER por 30 UNIDADES,"$658,28"
CLONAZEPAM 0.25 G %,LABORATORIO VANNIER S.A.,1 FRASCO por 20 ML,"$660,57"
CLONAZEPAM 0.25 MG,LABORATORIOS BETA SOCIEDAD ANONIMA,BLISTER por 30 UNIDADES,"$666,74"
CLONAZEPAM 0.25 MG/COMPRIMIDO,LABORATORIOS BAGO S A,BLISTER por 50 UNIDADES,"$668,49"
CLONAZEPAM 0.25 MG,LABORATORIOS CASASCO S A I C,BLISTER por 60 UNIDADES,"$692,97"
CLONAZEPAM 2 MG,LABORATORIO VANNIER S.A.,BLISTER por 30 UNIDADES,"$693,76"
CLONAZEPAM 0.5 MG,LABORATORIOS BETA SOCIEDAD ANONIMA,BLISTER por 30 UNIDADES,"$706,91"
CLONAZEPAM 1 MG,LABORATORIOS BETA SOCIEDAD ANONIMA,BLISTER por 30 UNIDADES,"$708,35"
CLONAZEPAM 2 MG,ROSPAW S.R.L.,BLISTER por 30 UNIDADES,"$711,86"
CLONAZEPAM 2 MG,LABORATORIOS BETA SOCIEDAD ANONIMA,BLISTER por 30 UNIDADES,"$737,35"
CLONAZEPAM 0.5 MG,Soubeiran Chobet S.R.L.,ENVASE por 30 UNIDADES,"$744,23"
CLONAZEPAM 2 MG,FINADIET S.A.COM IND FIN E INMOB,BLISTER por 30 UNIDADES,"$766,97"
CLONAZEPAM 0.25 MG,BALIARDA SOCIEDAD ANONIMA,BLISTER por 60 UNIDADES,"$774,79"
CLONAZEPAM 0.5 MG,PHARMADORF S.A.,BLISTER por 30 UNIDADES,"$788,94"
CLONAZEPAM 0.5 MG,FINADIET S.A.COM IND FIN E INMOB,BLISTER por 50 UNIDADES,"$820,51"
CLONAZEPAM 2 MG,Soubeiran Chobet S.R.L.,ENVASE por 30 UNIDADES,"$846,85"
CLONAZEPAM 2 MG,PHARMADORF S.A.,BLISTER por 30 UNIDADES,"$877,33"
CLONAZEPAM 0.5 MG,LABORATORIOS BETA SOCIEDAD ANONIMA,BLISTER por 50 UNIDADES,"$897,80"
CLONAZEPAM 1 MG,LABORATORIOS BETA SOCIEDAD ANONIMA,BLISTER por 50 UNIDADES,"$897,80"
CLONAZEPAM 0.5 MG,LABORATORIOS MONSERRAT Y ECLAIR S.A.,BLISTER por 30 UNIDADES,"$898,00"
CLONAZEPAM 0.5 MG,MEDIPHARMA SOCIEDAD ANONIMA,BLISTER por 30 UNIDADES,"$910,78"
CLONAZEPAM 1 MG,GADOR S A,BLISTER por 30 UNIDADES,"$920,41"
CLONAZEPAM 0.5 MG,GADOR S A,BLISTER por 30 UNIDADES,"$921,06"
CLONAZEPAM 2 MG,LABORATORIOS BETA SOCIEDAD ANONIMA,BLISTER por 50 UNIDADES,"$936,46"
CLONAZEPAM 0.5 MG,LABORATORIOS CASASCO S A I C,BLISTER por 30 UNIDADES,"$959,38"
CLONAZEPAM 1 MG,LABORATORIOS CASASCO S A I C,BLISTER por 30 UNIDADES,"$963,29"
CLONAZEPAM 2 MG,ROSPAW S.R.L.,BLISTER por 60 UNIDADES,"$982,10"
CLONAZEPAM 2 MG,MEDIPHARMA SOCIEDAD ANONIMA,3 BLISTER por 10 UNIDADES,"$994,59"
CLONAZEPAM 2 MG,LABORATORIOS MONSERRAT Y ECLAIR S.A.,BLISTER por 30 UNIDADES,"$998,00"
CLONAZEPAM 250 MG / 100 ML,LABORATORIOS BAGO S A,1 FRASCO GOTERO por 20 ML,"$1.004,26"
CLONAZEPAM 0.5 MG,ROSPAW S.R.L.,BLISTER por 60 UNIDADES,"$1.013,85"
CLONAZEPAM 2.5 MG / ML,LABORATORIOS CASASCO S A I C,1 FRASCO GOTERO por 20 ML,"$1.014,86"
CLONAZEPAM 0.5 MG,LABORATORIO VANNIER S.A.,BLISTER por 50 UNIDADES,"$1.015,24"
CLONAZEPAM 1 MG,ROSPAW S.R.L.,BLISTER por 60 UNIDADES,"$1.016,37"
CLONAZEPAM 2 MG,GADOR S A,BLISTER por 30 UNIDADES,"$1.026,15"
CLONAZEPAM 2 MG,LABORATORIO VANNIER S.A.,BLISTER por 50 UNIDADES,"$1.027,96"
CLONAZEPAM 0.5 MG,BALIARDA SOCIEDAD ANONIMA,BLISTER por 30 UNIDADES,"$1.034,20"
CLONAZEPAM 0.5 MG,Soubeiran Chobet S.R.L.,ENVASE por 50 UNIDADES,"$1.034,96"
CLONAZEPAM 1 MG,BALIARDA SOCIEDAD ANONIMA,BLISTER por 30 UNIDADES,"$1.038,27"
CLONAZEPAM 0.5 MG,DENVER FARMA S A,BLISTER por 60 UNIDADES,"$1.060,47"
CLONAZEPAM 0.5 MG,LABORATORIOS BAGO S A,BLISTER por 30 UNIDADES,"$1.062,33"
CLONAZEPAM 2 MG,DENVER FARMA S A,BLISTER por 60 UNIDADES,"$1.064,22"
CLONAZEPAM 2 MG,LABORATORIOS CASASCO S A I C,BLISTER por 30 UNIDADES,"$1.069,75"
CLONAZEPAM 2.5 MG/ML,BALIARDA SOCIEDAD ANONIMA,1 FRASCO por 20 ML,"$1.072,95"
CLONAZEPAM 2 MG,FINADIET S.A.COM IND FIN E INMOB,BLISTER por 50 UNIDADES,"$1.099,80"
CLONAZEPAM 2 MG,Soubeiran Chobet S.R.L.,ENVASE por 50 UNIDADES,"$1.127,80"
CLONAZEPAM 2 MG,BALIARDA SOCIEDAD ANONIMA,BLISTER por 30 UNIDADES,"$1.157,25"
CLONAZEPAM 2 MG/COMPRIMIDO,LABORATORIOS BAGO S A,BLISTER por 30 UNIDADES,"$1.191,29"
CLONAZEPAM 0.5 MG,LABORATORIOS MONSERRAT Y ECLAIR S.A.,BLISTER por 50 UNIDADES,"$1.198,00"
CLONAZEPAM 0.5 MG,GADOR S A,BLISTER por 50 UNIDADES,"$1.222,76"
CLONAZEPAM 0.5 MG,PHARMADORF S.A.,BLISTER por 60 UNIDADES,"$1.239,00"
CLONAZEPAM 2 MG,Soubeiran Chobet S.R.L.,ENVASE por 60 UNIDADES,"$1.247,12"
CLONAZEPAM 1 MG,GADOR S A,BLISTER por 50 UNIDADES,"$1.263,19"
CLONAZEPAM 2 MG,PHARMADORF S.A.,BLISTER por 60 UNIDADES,"$1.290,06"
CLONAZEPAM 2 MG,LABORATORIOS MONSERRAT Y ECLAIR S.A.,BLISTER por 50 UNIDADES,"$1.315,00"
CLONAZEPAM 2 MG,GADOR S A,BLISTER por 50 UNIDADES,"$1.349,77"
CLONAZEPAM 0.5 MG,BALIARDA SOCIEDAD ANONIMA,BLISTER por 50 UNIDADES,"$1.373,04"
CLONAZEPAM 0.5 MG,MEDIPHARMA SOCIEDAD ANONIMA,6 BLISTER por 10 UNIDADES,"$1.385,70"
CLONAZEPAM 1 MG,GADOR S A,BLISTER por 60 UNIDADES,"$1.429,09"
CLONAZEPAM 0.5 MG,GADOR S A,BLISTER por 60 UNIDADES,"$1.437,87"
CLONAZEPAM 2 MG,GADOR S A,BLISTER por 60 UNIDADES,"$1.443,39"
CLONAZEPAM 1 MG/COMPRIMIDO,LABORATORIOS BAGO S A,BLISTER por 50 UNIDADES,"$1.458,43"
CLONAZEPAM 0.5 MG,LABORATORIOS BAGO S A,BLISTER por 50 UNIDADES,"$1.461,76"
CLONAZEPAM 2 MG,MEDIPHARMA SOCIEDAD ANONIMA,6 BLISTER por 10 UNIDADES,"$1.478,91"
CLONAZEPAM 2 MG,BALIARDA SOCIEDAD ANONIMA,BLISTER por 50 UNIDADES,"$1.498,24"
CLONAZEPAM 0.5 MG,LABORATORIOS CASASCO S A I C,BLISTER por 60 UNIDADES,"$1.498,34"
CLONAZEPAM 1 MG,LABORATORIOS CASASCO S A I C,BLISTER por 60 UNIDADES,"$1.502,45"
CLONAZEPAM 2 MG,LABORATORIOS CASASCO S A I C,BLISTER por 60 UNIDADES,"$1.521,68"
CLONAZEPAM 0.5 MG,BALIARDA SOCIEDAD ANONIMA,BLISTER por 60 UNIDADES,"$1.598,11"
CLONAZEPAM 1 MG,BALIARDA SOCIEDAD ANONIMA,BLISTER por 60 UNIDADES,"$1.614,85"
CLONAZEPAM 2 MG,BALIARDA SOCIEDAD ANONIMA,BLISTER por 60 UNIDADES,"$1.618,95"
CLONAZEPAM 0.5 MG,LABORATORIOS BAGO S A,BLISTER por 60 UNIDADES,"$1.691,13"
CLONAZEPAM 2 MG/COMPRIMIDO,LABORATORIOS BAGO S A,BLISTER por 50 UNIDADES,"$1.705,10"
CLONAZEPAM 1 MG/COMPRIMIDO,LABORATORIOS BAGO S A,BLISTER por 60 UNIDADES,"$1.709,36"
CLONAZEPAM 2 MG/COMPRIMIDO,LABORATORIOS BAGO S A,BLISTER por 60 UNIDADES,"$1.773,84"
CLONAZEPAM 0.5 MG/COMPRIMIDO,LABORATORIOS BAGO S A,BLISTER por 50 UNIDADES,"$2.014,61"
CLONAZEPAM 0.25 G %,LABORATORIO VANNIER S.A.,100 FRASCO por 20 ML,"$2.900,00"
LEVOTIROXINA SODICA 25 MCG,QUIMICA MONTPELLIER S A,BLISTER por 50 UNIDADES,"$642,92"
LEVOTIROXINA SODICA 25 MCG,GLAXOSMITHKLINE ARGENTINA SOCIEDAD ANONIMA,BLISTER por 50 UNIDADES,"$658,10"
LEVOTIROXINA SODICA 50 MCG,QUIMICA MONTPELLIER S A,BLISTER por 50 UNIDADES,"$944,36"
LEVOTIROXINA SODICA 50 MCG,GLAXOSMITHKLINE ARGENTINA SOCIEDAD ANONIMA,BLISTER por 50 UNIDADES,"$991,38"
LEVOTIROXINA SODICA 75 MCG,QUIMICA MONTPELLIER S A,ENVASE por 50 UNIDADES,"$1.323,66"
LEVOTIROXINA SODICA 75 MCG,GLAXOSMITHKLINE ARGENTINA SOCIEDAD ANONIMA,BLISTER por 50 UNIDADES,"$1.389,69"
LEVOTIROXINA SODICA 25 MCG,LABORATORIO ELEA PHOENIX S.A.,BLISTER por 50 UNIDADES,"$1.512,39"
LEVOTIROXINA SODICA 50 MCG,LABORATORIO ELEA PHOENIX S.A.,BLISTER por 50 UNIDADES,"$1.570,86"
LEVOTIROXINA SODICA 88 MCG,QUIMICA MONTPELLIER S A,BLISTER por 50 UNIDADES,"$1.736,50"
LEVOTIROXINA SODICA 75 MCG,LABORATORIO ELEA PHOENIX S.A.,BLISTER por 50 UNIDADES,"$1.746,98"
LEVOTIROXINA SODICA 88 MCG,GLAXOSMITHKLINE ARGENTINA SOCIEDAD ANONIMA,BLISTER por 50 UNIDADES,"$1.815,24"
LEVOTIROXINA SODICA 0.1 MG,LABORATORIOS FABRA S.A.,BLISTER por 50 UNIDADES,"$1.844,33"
LEVOTIROXINA SODICA 100 MCG,QUIMICA MONTPELLIER S A,ENVASE por 50 UNIDADES,"$1.978,25"
LEVOTIROXINA SODICA 88 MCG,LABORATORIO ELEA PHOENIX S.A.,BLISTER por 50 UNIDADES,"$2.064,88"
LEVOTIROXINA SODICA 100 MCG,GLAXOSMITHKLINE ARGENTINA SOCIEDAD ANONIMA,BLISTER por 50 UNIDADES,"$2.070,50"
LEVOTIROXINA SODICA 100 MCG,LABORATORIO ELEA PHOENIX S.A.,BLISTER por 50 UNIDADES,"$2.145,28"
LEVOTIROXINA SODICA 112 MCG,QUIMICA MONTPELLIER S A,ENVASE por 50 UNIDADES,"$2.222,20"
LEVOTIROXINA SODICA 112 MCG,GLAXOSMITHKLINE ARGENTINA SOCIEDAD ANONIMA,BLISTER por 50 UNIDADES,"$2.331,13"
LEVOTIROXINA SODICA 125 MCG,QUIMICA MONTPELLIER S A,BLISTER por 50 UNIDADES,"$2.481,58"
LEVOTIROXINA SODICA 125 MCG,GLAXOSMITHKLINE ARGENTINA SOCIEDAD ANONIMA,BLISTER por 50 UNIDADES,"$2.600,55"
LEVOTIROXINA SODICA 137 MCG,QUIMICA MONTPELLIER S A,BLISTER por 50 UNIDADES,"$2.677,84"
LEVOTIROXINA SODICA 150 MCG,QUIMICA MONTPELLIER S A,BLISTER por 50 UNIDAD,"$2.780,94"
LEVOTIROXINA SODICA 137 MCG,GLAXOSMITHKLINE ARGENTINA SOCIEDAD ANONIMA,BLISTER por 50 UNIDADES,"$2.809,15"
LEVOTIROXINA SODICA 112 MCG,LABORATORIO ELEA PHOENIX S.A.,BLISTER por 50 UNIDADES,"$2.884,05"
LEVOTIROXINA SODICA 150 MCG,GLAXOSMITHKLINE ARGENTINA SOCIEDAD ANONIMA,BLISTER por 50 UNIDADES,"$2.922,03"
LEVOTIROXINA SODICA 125 MCG,LABORATORIO ELEA PHOENIX S.A.,BLISTER por 50 UNIDADES,"$2.997,31"
LEVOTIROXINA SODICA 175 MCG,QUIMICA MONTPELLIER S A,BLISTER por 50 UNIDADES,"$3.207,56"
LEVOTIROXINA SODICA 137 MCG,LABORATORIO ELEA PHOENIX S.A.,BLISTER por 50 UNIDADES,"$3.245,59"
LEVOTIROXINA SODICA 150 MCG,LABORATORIO ELEA PHOENIX S.A.,BLISTER por 50 UNIDADES,"$3.264,00"
LEVOTIROXINA SODICA 175 MCG,GLAXOSMITHKLINE ARGENTINA SOCIEDAD ANONIMA,BLISTER por 50 UNIDADES,"$3.369,46"
LEVOTIROXINA SODICA 175 MCG,LABORATORIO ELEA PHOENIX S.A.,BLISTER por 50 UNIDADES,"$3.456,94"
LEVOTIROXINA SODICA 200 MCG,QUIMICA MONTPELLIER S A,BLISTER por 50 UNIDADES,"$3.492,12"
LEVOTIROXINA SODICA 200 MCG,LABORATORIO ELEA PHOENIX S.A.,BLISTER por 50 UNIDADES,"$3.595,80"
LEVOTIROXINA SODICA 0.2 MG / ML,QUIMICA MONTPELLIER S A,FRASCO AMPOLLA por 1 ML,"$6.524,93"
LEVOTIROXINA SODICA 0.1 MG,LABORATORIOS FABRA S.A.,BLISTER por 500 UNIDADES,(uso exclusivamente hospitalario)
